archivo,estado,municipio,seccion,titulo,anio
informe-extendido-guanajuato.pdf,Guanajuato,,obras,Informe Extendido: Proyectos Localizables en Guanajuato (SHCP y SFIA GTO),2025
presupuesto-aguascalientes-2026.pdf,Aguascalientes,,presupuesto,Presupuesto de Egresos del Estado de Aguascalientes 2026,2026
informe-extendido-aguascalientes.pdf,Aguascalientes,,obras,Informe Extendido: Proyectos Localizables en Aguascalientes (SHCP),2025
presupuesto-baja-california-2026.pdf,Baja California,,presupuesto,Presupuesto Ciudadano de Egresos de Baja California 2026,2026
informe-extendido-baja-california.pdf,Baja California,,obras,Informe Extendido: Proyectos Localizables en Baja California (SHCP),2025
presupuesto-baja-california-sur-2026.pdf,Baja California Sur,,presupuesto,Presupuesto de Egresos Aprobado Baja California Sur 2026,2026
informe-extendido-baja-california-sur.pdf,Baja California Sur,,obras,Informe Extendido: Proyectos Localizables en Baja California Sur (SHCP),2025
presupuesto-campeche-2026.pdf,Campeche,,presupuesto,Ley del Presupuesto de Egresos del Estado de Campeche 2026,2026
informe-extendido-campeche.pdf,Campeche,,obras,Informe Extendido: Proyectos Localizables en Campeche (SHCP),2025
presupuesto-chiapas-2026.pdf,Chiapas,,presupuesto,Presupuesto de Egresos del Estado de Chiapas 2026,2026
informe-extendido-chiapas.pdf,Chiapas,,obras,Informe Extendido: Proyectos Localizables en Chiapas (SHCP),2025
informe-extendido-chihuahua.pdf,Chihuahua,,obras,Informe Extendido: Proyectos Localizables en Chihuahua (SHCP),2025
presupuesto-chihuahua-tomo1-2026.pdf,Chihuahua,,presupuesto,Presupuesto de Egresos del Estado de Chihuahua Tomo I 2026,2026
presupuesto-chihuahua-tomo2-2026.pdf,Chihuahua,,presupuesto,Presupuesto de Egresos del Estado de Chihuahua Tomo II 2026,2026
